id;profile_code;profile_name;is_default;order_index;role_code;status;description;update_time;update_user
1;Object-based Latvian Lats Ohio;withdrawal Antigua and Barbuda bandwidth;32441;84948;invoice Refined incentivize;17808;seize withdrawal;2020-02-23T18:00:28;Quality-focused invoice maroon
2;Checking Account;Texas;2499;2676;Profound;56659;Investment Account SMS Executive;2020-02-24T06:57:46;Checking Account Fantastic Metal Hat Bacon
3;Plastic Cameroon;Buckinghamshire;16479;13898;Future array;94778;haptic Missouri Pants;2020-02-24T10:05:22;synthesize Myanmar COM
4;Home Loan Account mesh;e-business strategic Fully-configurable;16208;20840;sexy primary;20432;grid-enabled Fresh Greenland;2020-02-23T15:18:23;withdrawal digital
5;Malagasy Ariary silver;interface;86643;33074;Steel Greece Identity;70217;Administrator Circles Officer;2020-02-23T21:15:34;integrated matrices SAS
6;Investment Account;Money Market Account;1144;34642;Buckinghamshire;87518;Hat Gibraltar Pound firewall;2020-02-24T09:20:19;JSON leading-edge invoice
7;Car;incubate;43123;30325;incubate;10600;plum Centralized;2020-02-24T02:05:20;indigo
8;deposit deposit;scale Investor Cambridgeshire;50007;94554;bypassing Pre-emptive invoice;1078;Soap Ergonomic Paradigm;2020-02-23T15:58:41;Missouri
9;Movies copy hacking;bleeding-edge;26188;21741;bricks-and-clicks;61654;Chicken;2020-02-24T08:15:15;Hill ADP
10;supply-chains;Toys;17524;24579;compressing;32620;alarm Oklahoma;2020-02-24T03:33:40;Cotton Cambridgeshire Handmade Frozen Ball
