id;title;time_type;domain_code;database_name;table_name;input_level;unit;status;description;creator;update_time
1;bypassing International;transmit Research;Surinam Dollar;Human;deposit Massachusetts Investment Account;hacking Group Maryland;Florida Practical THX;18242;Facilitator;Handcrafted Granite Table Gorgeous Fresh Soap reboot;2020-04-02T08:20:22
2;Ouguiya Sausages;Cliff Soap;Indian Rupee grey Cordoba Oro;Down-sized Hollow Practical Soft Salad;ROI reintermediate;Paradigm;Greenland payment Global;57224;Consultant;Via orange;2020-04-03T02:39:33
3;Fully-configurable;invoice;Incredible;convergence;overriding innovative;Metrics Nevada Functionality;Vision-oriented purple Buckinghamshire;22176;Rubber system-worthy deliver;online;2020-04-02T22:48:36
4;Arizona;Ergonomic Steel Table;synthesizing;protocol invoice;functionalities;Intelligent Metal Hat navigate mesh;back-end;11535;Bedfordshire;Kids monitor seamless;2020-04-02T18:55:57
5;vertical pricing structure neural;generate Executive;copying Engineer Automotive;Seamless Towels;Jordan;generating azure Ergonomic;Bedfordshire;963;parsing invoice;Generic Plastic Chips;2020-04-02T20:09:31
6;Bacon;haptic Ukraine;indexing;Alaska;analyzer;input non-volatile Ohio;Massachusetts THX;79248;Borders;HDD microchip repurpose;2020-04-02T23:21:30
7;asymmetric Interactions AGP;payment;navigating;Concrete indexing Customer;plum;West Virginia Chair;Human neural Stream;62277;applications;leading edge;2020-04-03T05:05:51
8;Generic Granite Fish Bypass;reinvent Specialist;Outdoors Bermudian Dollar (customarily known as Bermuda Dollar) Checking Account;Tajikistan exuding;parsing;customized paradigms;SSL;20432;back up Central;teal Savings Account Senior;2020-04-03T00:29:15
9;Executive Delaware enhance;open-source Assurance Wooden;knowledge user Chair;haptic Bike Pennsylvania;Tuna;Cambridgeshire Gorgeous;port;69785;Oman Czech Republic Computer;platforms withdrawal;2020-04-03T06:41:11
10;invoice Investor;Practical leading-edge Global;aggregate success;Borders Personal Loan Account Washington;Borders Home Loan Account;Berkshire Metical;Mississippi;99418;Frozen Court;Tactics Centralized quantifying;2020-04-03T07:16:47
