id;query_data;status;description;update_time;update_user
1;Lek Factors incubate;91966;Avon blue Belgium;2020-02-23T22:45:37;24/365 Hawaii
2;Infrastructure Beauty;28876;input generate;2020-02-24T03:56:12;fault-tolerant Human Table
3;matrix Rubber;15942;Phased Trinidad and Tobago Dollar;2020-02-24T04:42:41;Small Frozen Mouse payment indigo
4;Baby Maine;57513;Credit Card Account connect Savings Account;2020-02-24T05:22:46;interfaces Home Loan Account
5;Planner robust;39941;Phased;2020-02-23T17:17:22;Borders drive
6;Architect generate;13476;Central;2020-02-23T12:43:48;mindshare
7;Dynamic Florida;26357;sexy Movies;2020-02-23T18:35:39;Shoes
8;Reverse-engineered Down-sized transmit;42652;Tuna Flat Intelligent;2020-02-24T07:29:58;Gorgeous
9;Total index Ergonomic Wooden Chicken;39114;Buckinghamshire;2020-02-24T00:54:18;auxiliary sensor synthesize
10;brand Berkshire Borders;9160;XML optimizing;2020-02-24T09:48:45;Music Cape Verde Escudo Ball
